feature	Campylobacter	Clostridium	Desulfovibrio	Enterococcus	Escherichia.Shigella	Helicobacter	Staphylococcus	Streptococcus	Treponema
Li49683-2023089-RT	5.40187662876881	4.37851981971018	2.44078298955084	-0.124166367910699	3.41732958077056	4.19282779649233	-3.42000323391503	4.10455799237033	5.69327542521802
Li49689-023055-RT	5.91043647784066	2.25741974488763	4.36659935341094	-3.60621143071047	-0.77299808665425	5.34962371350849	-3.60621143071047	1.8991201052219	5.72333318874419
Li49747-023037-RT	6.73218676750315	4.21255260625365	5.34975058586374	0.805380598902608	2.29055384103973	7.81840650186199	0.849343722323725	3.03575738355573	5.95977569550841
Li49750-023030-RT	4.89987606354019	0.274002146342727	3.51110171016738	0.0565892697375023	1.50182616649084	4.12951561458602	4.62539181155472	3.13521731994744	3.00777237337932
Li49757-023003-RT	5.8075581529581	1.35370789931137	3.43812280825826	1.69545719303343	2.43893566694473	3.60604878006729	0.305106031217923	4.29664627795613	5.54340580711597
Li49758-023028-RT	4.69932892989302	0.411012193656986	3.26003133788439	-0.719348793325704	2.20796647976215	5.53800976151884	-0.626975473194689	2.85335922902619	4.913826604489
Li49759-023010-RT	3.3450108320656	4.38225417435741	2.1038086859713	-1.55116921646695	4.23811114475082	4.63297967447053	-2.36209943268328	3.5086089132889	4.91566647342262
Li49760-023041-RT	5.74025753413164	1.47479558419853	4.18577190297013	-2.18876606193111	2.40779574952038	5.33633468419468	-1.56972685352489	3.65436419067105	5.73142095233114
Li49762-023034-RT	4.64181912444793	1.30012352227627	3.1245039096736	4.41072592526152	2.17471927834383	8.01371568133223	-0.26327045165642	4.3188869600226	2.79543662105896
Li49767-023018-RT	4.56547359152178	5.3152802377982	1.47094073322369	-0.950907780597172	2.80094647267815	5.39320695531092	3.33497499352381	2.2942853525884	4.92421019864039
Li49771-2023084-RT	6.87904179095321	0.80681887457293	3.66533546622788	-1.61107706493211	1.65128387187583	6.33274505581632	-3.80830164226833	3.38538417612678	5.66294038662467
Li49772-023048-RT	6.14340805379662	2.84418129480486	4.08826506588345	-1.63504766782538	1.50766679607726	3.76424561606266	0.667537425168666	4.42271166977589	6.45156771466762
Li49773-2023092-RT	2.77829116490222	-0.44656673164353	4.29488107263711	-3.44229900519752	-0.66971028295774	4.49257256074766	-1.2450744278613	4.07304556598291	6.07721581456854
Li49775-023046-RT	6.89598469091541	3.89918347017251	3.75398626818539	-2.12038250704635	2.32226874944397	3.79743549989334	0.813474362789558	1.47418626759635	4.89155259084546
Li49778-023045-RT	7.8053271737895	2.93130090300879	3.79673985046664	-3.1486322920868	-0.258260534190639	4.34077979142192	-1.5391943796527	1.65265277282758	5.43908149214455
Li49781-023058-RT	6.02495580389435	3.56626952454219	1.34621149609045	-1.19651472458638	1.58496294507065	3.42001922005203	-0.369836151401912	3.63579103398546	4.95286890320296
Li49786-023029-RT	7.41847319725916	3.81732268347172	2.2149197679805	-1.26117892185478	0.293450754084329	4.58660769205146	-3.96922912295699	2.25334714511438	5.50723765850526
Li49787-023051-RT	7.0423755436485	3.22884443298881	3.2248396218693	0.93342782947338	2.98673723087637	4.73744131107212	0.5159865303185	5.75722343888235	4.34016539151115
Li49828-2023106-RT	3.44820430975065	2.13617301966033	3.40606947409931	-2.68410854594471	2.2575338766646	3.17810116530601	-3.37725572650465	3.30234345933973	4.62777761813246
Li49841-023068-RT	4.56974374175173	4.96580793573892	3.15814068347623	0.0929989585500701	1.48189410137002	4.24025876297981	0.676145243895687	2.71630793119719	6.12803172584633
Li49844-2023083-RT	1.45109589280611	1.20721644301272	4.26076828745554	-2.06044954602491	-1.50083375808949	5.6116101078335	-3.4467439071448	2.59351080413261	5.99621498650811
Li49846-023052-RT	6.05684289006028	0.199438976128996	3.75742904708125	-2.18010715800118	0.235806620299871	3.37517530833658	-0.178627157791055	4.48989841727739	6.15733716442004
Li49848-2023086-RT	5.8145514457582	2.36341908011068	3.76556649632592	-0.083060192543432	3.43344803562972	4.82696518865359	2.36547881307369	4.41569071643859	6.4329215340324
Li49850-023017-RT	5.49177649626964	3.09757509815508	4.69502765737671	-0.739977878634575	1.10894000443343	3.47171389443858	1.55077275671247	3.18374116655676	5.39393043354013
Li49851-023022-RT	5.83922477682912	1.95745060757955	3.87205532371591	-3.88027983958639	-1.68305526225017	5.16104998965552	-0.383772278119906	0.396386279429669	4.67786333815881
Li49856-023012-RT	4.65949675529681	2.48792027853673	0.96500246329854	-1.79861758895848	-0.18917967652438	5.56420895581858	-0.854155980117629	5.31102842016152	6.61232580261505
Li49857-023033-RT	1.9547906115518	2.6099241654117	5.04292232546823	1.04646100089351	2.13622367428464	5.28146093248064	1.19366501558987	5.27146020806329	4.7572355620075
Li49858-023021-RT	6.80095478747965	3.68832633578212	4.45030726618018	-2.90916037207544	4.06485070268376	4.09594845216261	1.81601260630735	4.11125372504563	5.09670707053312
Li49860-023001-RT	5.63830625387109	1.03900692623278	4.39712948730652	-0.836285655608576	3.1039713561067	5.60545801539736	0.830563164038863	3.21589447101829	6.25662806150271
Li49864-023006-RT	7.72659881062119	4.2378213955301	5.07590681115256	-3.99700888491195	-0.333447238782305	3.92670144905729	-1.00127661135796	4.97024029794033	3.93893621844175
Li49865-023015-RT	6.51313845912612	4.18920159561648	3.02427078389757	-0.848472247362134	3.5148622542996	2.88743214539667	0.250140041305976	4.25814640057935	5.27019584332613
Li49867-023005-RT	4.58585400480005	0.634610286218618	4.1832129595685	-3.99036252706565	2.15382310705999	6.97277123522992	-3.99036252706565	4.51455563347497	5.45029559997274
Li49872-023057-RT	7.31522540355683	4.71241453706315	4.33682830195689	1.09796661571046	2.71670692080687	4.76344351260511	2.10871754858723	3.14415093563381	6.29976278909958
Li49873-023039-RT	6.75763843181974	1.34115546851123	3.86449716035346	-2.57751207963558	0.667681053549992	4.95564672781998	-1.03706703868843	2.75842215048376	6.69539612294252
Li49878-2023099-RT	5.37697822582021	3.75271524402396	4.40285995997409	-3.54234117243867	-1.46289963075884	4.74970646499268	-3.54234117243867	1.44809141434006	7.18698710238287
